{"width": 16, "levels": 8, "horizon": 32, "mu": [3.0, 3.0, 3.0, 3.0, 4.0, 4.0, 4.0, 5.0, 5.0, 5.0, 5.0, 6.0, 6.0, 6.0, 7.0, 7.0, 7.0, 8.0, 8.0, 8.0, 8.0, 9.0, 9.0, 9.0, 10.0, 10.0, 10.0, 11.0, 11.0, 11.0, 11.0, 12.0, 12.0], "pos": [11, 12, 13, 14, 15, 0, 1, 2, 3, 4, 5, 6, 7, 6, 5, 5, 4, 5, 6, 7, 6, 7, 6, 7, 8, 9, 10, 11, 12, 11, 10, 11, 12], "conc_token": [0, 0, 0, 0, 0, 1, 2, 2, 4, 6, 7, 7, 6, 7, 4, 4, 2, 2, 4, 6, 4, 4, 2, 4, 4, 6, 7, 7, 6, 7, 6, 6, 7], "reward": [0.002187491118182885, 0.011108996538242306, 0.04393693362340742, 0.04393693362340742, 0.1353352832366127, 0.32465246735834974, 0.32465246735834974, 0.6065306597126334, 0.8824969025845955, 1.0, 1.0, 0.8824969025845955, 1.0, 0.6065306597126334, 0.6065306597126334, 0.32465246735834974, 0.32465246735834974, 0.6065306597126334, 0.8824969025845955, 0.6065306597126334, 0.6065306597126334, 0.32465246735834974, 0.6065306597126334, 0.6065306597126334, 0.8824969025845955, 1.0, 1.0, 0.8824969025845955, 1.0, 0.8824969025845955, 0.8824969025845955, 1.0], "action": [2, 2, 2, 2, 2, 2, 2, 2, 2, 2, 2, 2, 0, 0, 1, 0, 2, 2, 2, 0, 2, 0, 2, 2, 2, 2, 2, 2, 0, 0, 2, 2], "field": [[0.32465246735834974, 0.6065306597126334, 0.8824969025845955, 1.0, 0.8824969025845955, 0.6065306597126334, 0.32465246735834974, 0.1353352832366127, 0.04393693362340742, 0.011108996538242306, 0.002187491118182885, 0.00033546262790251185, 0.002187491118182885, 0.011108996538242306, 0.04393693362340742, 0.1353352832366127], [0.32465246735834974, 0.6065306597126334, 0.8824969025845955, 1.0, 0.8824969025845955, 0.6065306597126334, 0.32465246735834974, 0.1353352832366127, 0.04393693362340742, 0.011108996538242306, 0.002187491118182885, 0.00033546262790251185, 0.002187491118182885, 0.011108996538242306, 0.04393693362340742, 0.1353352832366127], [0.32465246735834974, 0.6065306597126334, 0.8824969025845955, 1.0, 0.8824969025845955, 0.6065306597126334, 0.32465246735834974, 0.1353352832366127, 0.04393693362340742, 0.011108996538242306, 0.002187491118182885, 0.00033546262790251185, 0.002187491118182885, 0.011108996538242306, 0.04393693362340742, 0.1353352832366127], [0.32465246735834974, 0.6065306597126334, 0.8824969025845955, 1.0, 0.8824969025845955, 0.6065306597126334, 0.32465246735834974, 0.1353352832366127, 0.04393693362340742, 0.011108996538242306, 0.002187491118182885, 0.00033546262790251185, 0.002187491118182885, 0.011108996538242306, 0.04393693362340742, 0.1353352832366127], [0.1353352832366127, 0.32465246735834974, 0.6065306597126334, 0.8824969025845955, 1.0, 0.8824969025845955, 0.6065306597126334, 0.32465246735834974, 0.1353352832366127, 0.04393693362340742, 0.011108996538242306, 0.002187491118182885, 0.00033546262790251185, 0.002187491118182885, 0.011108996538242306, 0.04393693362340742], [0.1353352832366127, 0.32465246735834974, 0.6065306597126334, 0.8824969025845955, 1.0, 0.8824969025845955, 0.6065306597126334, 0.32465246735834974, 0.1353352832366127, 0.04393693362340742, 0.011108996538242306, 0.002187491118182885, 0.00033546262790251185, 0.002187491118182885, 0.011108996538242306, 0.04393693362340742], [0.1353352832366127, 0.32465246735834974, 0.6065306597126334, 0.8824969025845955, 1.0, 0.8824969025845955, 0.6065306597126334, 0.32465246735834974, 0.1353352832366127, 0.04393693362340742, 0.011108996538242306, 0.002187491118182885, 0.00033546262790251185, 0.002187491118182885, 0.011108996538242306, 0.04393693362340742], [0.04393693362340742, 0.1353352832366127, 0.32465246735834974, 0.6065306597126334, 0.8824969025845955, 1.0, 0.8824969025845955, 0.6065306597126334, 0.32465246735834974, 0.1353352832366127, 0.04393693362340742, 0.011108996538242306, 0.002187491118182885, 0.00033546262790251185, 0.002187491118182885, 0.011108996538242306], [0.04393693362340742, 0.1353352832366127, 0.32465246735834974, 0.6065306597126334, 0.8824969025845955, 1.0, 0.8824969025845955, 0.6065306597126334, 0.32465246735834974, 0.1353352832366127, 0.04393693362340742, 0.011108996538242306, 0.002187491118182885, 0.00033546262790251185, 0.002187491118182885, 0.011108996538242306], [0.04393693362340742, 0.1353352832366127, 0.32465246735834974, 0.6065306597126334, 0.8824969025845955, 1.0, 0.8824969025845955, 0.6065306597126334, 0.32465246735834974, 0.1353352832366127, 0.04393693362340742, 0.011108996538242306, 0.002187491118182885, 0.00033546262790251185, 0.002187491118182885, 0.011108996538242306], [0.04393693362340742, 0.1353352832366127, 0.32465246735834974, 0.6065306597126334, 0.8824969025845955, 1.0, 0.8824969025845955, 0.6065306597126334, 0.32465246735834974, 0.1353352832366127, 0.04393693362340742, 0.011108996538242306, 0.002187491118182885, 0.00033546262790251185, 0.002187491118182885, 0.011108996538242306], [0.011108996538242306, 0.04393693362340742, 0.1353352832366127, 0.32465246735834974, 0.6065306597126334, 0.8824969025845955, 1.0, 0.8824969025845955, 0.6065306597126334, 0.32465246735834974, 0.1353352832366127, 0.04393693362340742, 0.011108996538242306, 0.002187491118182885, 0.00033546262790251185, 0.002187491118182885], [0.011108996538242306, 0.04393693362340742, 0.1353352832366127, 0.32465246735834974, 0.6065306597126334, 0.8824969025845955, 1.0, 0.8824969025845955, 0.6065306597126334, 0.32465246735834974, 0.1353352832366127, 0.04393693362340742, 0.011108996538242306, 0.002187491118182885, 0.00033546262790251185, 0.002187491118182885], [0.011108996538242306, 0.04393693362340742, 0.1353352832366127, 0.32465246735834974, 0.6065306597126334, 0.8824969025845955, 1.0, 0.8824969025845955, 0.6065306597126334, 0.32465246735834974, 0.1353352832366127, 0.04393693362340742, 0.011108996538242306, 0.002187491118182885, 0.00033546262790251185, 0.002187491118182885], [0.002187491118182885, 0.011108996538242306, 0.04393693362340742, 0.1353352832366127, 0.32465246735834974, 0.6065306597126334, 0.8824969025845955, 1.0, 0.8824969025845955, 0.6065306597126334, 0.32465246735834974, 0.1353352832366127, 0.04393693362340742, 0.011108996538242306, 0.002187491118182885, 0.00033546262790251185], [0.002187491118182885, 0.011108996538242306, 0.04393693362340742, 0.1353352832366127, 0.32465246735834974, 0.6065306597126334, 0.8824969025845955, 1.0, 0.8824969025845955, 0.6065306597126334, 0.32465246735834974, 0.1353352832366127, 0.04393693362340742, 0.011108996538242306, 0.002187491118182885, 0.00033546262790251185], [0.002187491118182885, 0.011108996538242306, 0.04393693362340742, 0.1353352832366127, 0.32465246735834974, 0.6065306597126334, 0.8824969025845955, 1.0, 0.8824969025845955, 0.6065306597126334, 0.32465246735834974, 0.1353352832366127, 0.04393693362340742, 0.011108996538242306, 0.002187491118182885, 0.00033546262790251185], [0.00033546262790251185, 0.002187491118182885, 0.011108996538242306, 0.04393693362340742, 0.1353352832366127, 0.32465246735834974, 0.6065306597126334, 0.8824969025845955, 1.0, 0.8824969025845955, 0.6065306597126334, 0.32465246735834974, 0.1353352832366127, 0.04393693362340742, 0.011108996538242306, 0.002187491118182885], [0.00033546262790251185, 0.002187491118182885, 0.011108996538242306, 0.04393693362340742, 0.1353352832366127, 0.32465246735834974, 0.6065306597126334, 0.8824969025845955, 1.0, 0.8824969025845955, 0.6065306597126334, 0.32465246735834974, 0.1353352832366127, 0.04393693362340742, 0.011108996538242306, 0.002187491118182885], [0.00033546262790251185, 0.002187491118182885, 0.011108996538242306, 0.04393693362340742, 0.1353352832366127, 0.32465246735834974, 0.6065306597126334, 0.8824969025845955, 1.0, 0.8824969025845955, 0.6065306597126334, 0.32465246735834974, 0.1353352832366127, 0.04393693362340742, 0.011108996538242306, 0.002187491118182885], [0.00033546262790251185, 0.002187491118182885, 0.011108996538242306, 0.04393693362340742, 0.1353352832366127, 0.32465246735834974, 0.6065306597126334, 0.8824969025845955, 1.0, 0.8824969025845955, 0.6065306597126334, 0.32465246735834974, 0.1353352832366127, 0.04393693362340742, 0.011108996538242306, 0.002187491118182885], [0.002187491118182885, 0.00033546262790251185, 0.002187491118182885, 