{"model":"chemotaxis_min","kind":"control","config":{"vocab_size":11,"leak_init":0.85,"gain_init":2.5,"stay_bias_init":-1.5,"climb_init":1.0,"sharpness_init":1.0,"baseline_init":0.0,"levels":8},"env":{"width":16,"levels":8,"sigma":2.0,"horizon":64,"vocab_size":11},"episodes":[{"env_init":{"drift_rate":0.3,"drift_dir":1,"mu":8,"p":4,"phase":0.0},"tape":[1,10,2,10,4,10,6,10,6,10,7,10,6,8,6,10,7,10,6,8,7,8,4,10,6,10,7,10,7,10,6,8,7,8,4,10,6,10,7,10,6,8,6,10,7,10,6,8,6,10,7,10,6,8,6,10,7,10,6,8,7,8,4,10,6,10,7,10,7,10,6,8,7,8,4,10,6,10,7,10,6,8,6,10,7,10,6,8,6,10,7,10,6,8,6,10,7,10,6,8,7,8,4,10,6,10,7,10,7,10,6,8,7,8,4,10,6,10,7,10,6,8,6,10,7,10,6,8,6],"actions":[2,2,2,2,2,2,0,2,2,0,0,2,2,2,2,0,0,2,2,2,0,2,2,0,2,2,0,2,2,0,0,2,2,2,2,0,0,2,2,2,0,2,2,0,2,2,0,2,2,0,0,2,2,2,2,0,0,2,2,2,0,2,2,0],"conc_tokens":[1,2,4,6,6,7,6,6,7,6,7,4,6,7,7,6,7,4,6,7,6,6,7,6,6,7,6,6,7,6,7,4,6,7,7,6,7,4,6,7,6,6,7,6,6,7,6,6,7,6,7,4,6,7,7,6,7,4,6,7,6,6,7,6,6],"rewards":[0.32465246735834974,0.6065306597126334,0.8824969025845955,0.8824969025845955,1.0,0.8824969025845955,0.8824969025845955,1.0,0.8824969025845955,1.0,0.6065306597126334,0.8824969025845955,1.0,1.0,0.8824969025845955,1.0,0.6065306597126334,0.8824969025845955,1.0,0.8824969025845955,0.8824969025845955,1.0,0.8824969025845955,0.8824969025845955,1.0,0.8824969025845955,0.8824969025845955,1.0,0.8824969025845955,1.0,0.6065306597126334,0.8824969025845955,1.0,1.0,0.8824969025845955,1.0,0.6065306597126334,0.8824969025845955,1.0,0.8824969025845955,0.8824969025845955,1.0,0.8824969025845955,0.8824969025845955,1.0,0.8824969025845955,0.8824969025845955,1.0,0.8824969025845955,1.0,0.6065306597126334,0.8824969025845955,1.0,1.0,0.8824969025845955,1.0,0.6065306597126334,0.8824969025845955,1.0,0.8824969025845955,0.8824969025845955,1.0,0.8824969025845955,0.8824969025845955],"action_argmax":[2,2,2,2,2,2,0,2,2,0,0,2,2,2,2,0,0,2,2,2,0,2,2,0,2,2,0,2,2,0,0,2,2,2,2,0,0,2,2,2,0,2,2,0,2,2,0,2,2,0,0,2,2,2,2,0,0,2,2,2,0,2,2,0],"conc_argmax":[2,3,5,7,7,7,5,5,7,5,7,3,7,7,7,5,7,3,7,7,5,5,7,5,5,7,5,5,7,5,7,3,7,7,7,5,7,3,7,7,5,5,7,5,5,7,5,5,7,5,7,3,7,7,7,5,7,3,7,7,5,5,7,5],"wm_bits":[0.8257967640292381,2.268592247863341,2.2684918049182015,1.913953895261607,0.4712588543726436,1.913953895261607,2.2684918049182015,6.596576927585091,1.913953895261607,6.596576927585091,13.455514222373314,13.810152574975048,0.4712588543726436,0.4712588543726436,1.913953895261607,6.596576927585091,13.455514222373314,13.810152574975048,0.4712588543726436,1.913953895261607,2.2684918049182015,6.596576927585091,1.913953895261607,2.2684918049182015,6.596576927585091,1.913953895261607,2.2684918049182015,6.596576927585091,1.913953895261607,6.596576927585091,13.455514222373314,13.810152574975048,0.4712588543726436,0.4712588543726436,1.913953895261607,6.596576927585091,13.455514222373314,13.810152574975048,0.4712588543726436,1.913953895261607,2.2684918049182015,6.596576927585091,1.913953895261607,2.2684918049182015,6.596576927585091,1.913953895261607,2.2684918049182015,6.596576927585091,1.913953895261607,6.596576927585091,13.455514222373314,13.810152574975048,0.4712588543726436,0.4712588543726436,1.913953895261607,6.596576927585091,13.455514222373314,13.810152574975048,0.4712588543726436,1.913953895261607,2.2684918049182015,6.596576927585091,1.913953895261607,2.2684918049182015]},{"env_init":{"drift_rate":0.2,"drift_dir":1,"mu":12,"p":15,"phase":0.0},"tape":[2,10,1,8,2,8,4,8,6,8,6,8,4,10,6,10,7,10,6,8,6,10,7,10,6,8,7,8,6,10,6,8,4,10,6,10,7,10,6,8,6,10,7,10,6,8,7,8,6,10,6,8,4,10,6,10,7,10,6,8,6,10,7,10,6,8,7,8,6,10,6,8,4,10,6,10,7,10,6,8,6,10,7,10,6,8,7,8,6,10,6,8,4,10,6,10,7,10,6,8,6,10,7,10,6,8,7,8,6,10,6,8,4,10,6,10,7,10,6,8,6,10,7,10,6,8,7,8,6],"actions":[2,0,0,0,0,0,2,2,2,0,2,2,0,0,2,0,2,2,2,0,2,2,0,0,2,0,2,2,2,0,2,2,0,0,2,0,2,2,2,0,2,2,0,0,2,0,2,2,2,0,2,2,0,0,2,0,2,2,2,0,2,2,0,0],"conc_tokens":[2,1,2,4,6,6,4,6,7,6,6,7,6,7,6,6,4,6,7,6,6,7,6,7,6,6,4,6,7,6,6,7,6,7,6,6,4,6,7,6,6,7,6,7,6,6,4,6,7,6,6,7,6,7,6,6,4,6,7,6,6,7,6,7,6],"rewards":[0.1353352832366127,0.32465246735834974,0.6065306597126334,0.8824969025845955,0.8824969025845955,0.6065306597126334,0.8824969025845955,1.0,0.8824969025845955,0.8824969025845955,1.0,0.8824969025845955,1.0,0.8824969025845955,0.8824969025845955,0.6065306597126334,0.8824969025845955,1.0,0.8824969025845955,0.8824969025845955,1.0,0.8824969025845955,1.0,0.8824969025845955,0.8824969025845955,0.6065306597126334,0.8824969025845955,1.0,0.8824969025845955,0.8824969025845955,1.0,0.8824969025845955,1.0,0.8824969025845955,0.8824969025845955,0.6065306597126334,0.8824969025845955,1.0,0.8824969025845955,0.8824969025845955,1.0,0.8824969025845955,1.0,0.8824969025845955,0.8824969025845955,0.6065306597126334,0.8824969025845955,1.0,0.8824969025845955,0.8824969025845955,1.0,0.8824969025845955,1.0,0.8824969025845955,0.8824969025845955,0.6065306597126334,0.8824969025845955,1.0,0.8824969025845955,0.8824969025845955,1.0,0.8824969025845955,1.0,0.8824969025845955],"action_argmax":[2,0,0,0,0,0,2,2,2,0,2,2,0,0,2,0,2,2,2,0,2,2,0,0,2,0,2,2,2,0,2,2,0,0,2,0,2,2,2,0,2,2,0,0,2,0,2,2,2,0,2,2,0,0,2,0,2,2,2,0,2,2,0,0],"conc_argmax":[3,0,3,5,7,7,3,7,7,5,5,7,5,7,5,5,3,7,7,5,5,7,5,7,5,5,3,7,7,5,5,7,5,7,5,5,3,7,7,5,5,7,5,7,5,5,3,7,7,5,5,7,5,7,5,5,3,7,7,5,5,7,5,7],"wm_bits":[6.59667737053023,6.242039017928498,2.268592247863341,2.2684918049182015,1.913953895261607,13.455514222373314,13.810152574975048,0.4712588543726436,1.913953895261607,2.2684918049182015,6.596576927585091,1.913953895261607,6.596576927585091,1.913953895261607,2.2684918049182015,2.2684918049182015,13.810152574975048,0.4712588543726436,1.913953895261607,2.2684918049182015,6.596576927585091,1.913953895261607,6.596576927585091,1.913953895261607,2.2684918049182015,2.2684918049182015,13.810152574975048,0.4712588543726436,1.913953895261607,2.2684918049182015,6.596576927585091,1.913953895261607,6.596576927585091,1.913953895261607,2.2684918049182015,2.2684918049182015,13.810152574975048,0.4712588543726436,1.913953895261607,2.2684918049182015,6.596576927585091,1.913953895261607,6.596576927585091,1.913953895261607,2.2684918049182015,2.2684918049182015,13.810152574975048,0.4712588543726436,1.913953895261607,2.2684918049182015,6.596576927585091,1.913953895261607,6.596576927585091,1.913953895261607,2.2684918049182015,2.2684918049182015,13.810152574975048,0.4712588543726436,1.913953895261607,2.2684918049182015,6.596576927585091,1.913953895261607,6.596576927585091,1.913953895261607]},{"env_init":{"drift_rate":0.3,"drift_dir":-1,"mu":1,"p":4,"phase":0.0},"tape":[2,10,1,8,2,8,4,8,4,8,6,8,7,8,7,8,6,10,7,10,6,8,6,10,4,8,6,8,6,8,7,8,6,10,6,8,7,8,6,10,7,10,4,8,6,8,7,8,7,8,6,10,7,10,4,8,6,8,7,8,6,10,6,8,7,8,6,10,6,8,7,8,6,10,6,8,7,8,6,10,7,10,4,8,6,8,7,8,7,8,6,10,7,10,4,8,6,8,7,8,6,10,6,8,7,8,6,10,6,8,7,8,6,10,6,8,7,8,6,10,7,10,4,8,6,8,7,8,7],"actions":[2,0,0,0,0,0,0,0,2,2,0,2,0,0,0,0,2,0,0,2,2,0,0,0,0,2,2,0,0,0,2,0,0,2,0,0,2,0,0,2,2,0,0,0,0,2,2,0,0,0,2,0,0,2,0,0,2,0,0,2,2,0,0,0],"conc_tokens":[2,1,2,4,4,6,7,7,6,7,6,6,4,6,6,7,6,6,7,6,7,4,6,7,7,6,7,4,6,7,6,6,7,6,6,7,6,6,7,6,7,4,6,7,7,6,7,4,6,7,6,6,7,6,6,7,6,6,7,6,7,4,6,7,7],"rewards":[0.1353352832366127,0.32465246735834974,0.6065306597126334,0.6065306597126334,0.8824969025845955,1.0,1.0,0.8824969025845955,1.0,0.8824969025845955,0.8824969025845955,0.6065306597126334,0.8824969025845955,0.8824969025845955,1.0,0.8824969025845955,0.8824969025845955,1.0,0.8824969025845955,1.0,0.6065306597126334,0.8824969025845955,1.0,1.0,0.8824969025845955,1.0,0.6065306597126334,0.8824969025845955,1.0,0.8824969025845955,0.8824969025845955,1.0,0.8824969025845955,0.8824969025845955,1.0,0.8824969025845955,0.8824969025845955,1.0,0.8824969025845955,1.0,0.6065306597126334,0.8824969025845955,1.0,1.0,0.8824969025845955,1.0,0.6065306597126334,0.8824969025845955,1.0,0.8824969025845955,0.8824969025845955,1.0,0.8824969025845955,0.8824969025845955,1.0,0.8824969025845955,0.8824969025845955,1.0,0.8824969025845955,1.0,0.6065306597126334,0.8824969025845955,1.0,1.0],