{"model":"reservoir","kind":"control","config":{"d_res":64,"leak":0.6,"vocab_size":11,"lr_wm":null,"lr_pol":null,"reward_decay":null,"levels":8},"env":{"width":16,"levels":8,"sigma":2.0,"horizon":64,"vocab_size":11},"episodes":[{"env_init":{"drift_rate":0.3,"drift_dir":1,"mu":8,"p":4,"phase":0.0},"tape":[1,10,2,10,4,10,6,8,2,10,4,10,6,10,6,8,4,8,2,10,4,10,4,10,6,8,4,8,1,8,0,10,1,10,1,10,2,10,4,10,6,8,2,10,4,10,6,10,6,8,4,8,2,10,2,10,4,10,6,10,7,8,4,8,2,10,4,10,4,10,6,8,4,8,1,8,0,10,1,10,2,10,2,10,4,10,6,8,2,10,4,10,6,10,6,8,4,8,2,10,4,10,4,10,6,8,4,8,1,8,0,10,1,10,1,10,2,10,4,10,6,8,2,10,4,10,6,10,6],"actions":[2,2,2,0,2,2,2,0,0,2,2,2,0,0,0,2,2,2,2,2,0,2,2,2,0,0,2,2,2,2,0,0,2,2,2,0,0,0,2,2,2,2,2,0,2,2,2,0,0,2,2,2,0,0,0,2,2,2,2,2,0,2,2,2],"conc_tokens":[1,2,4,6,2,4,6,6,4,2,4,4,6,4,1,0,1,1,2,4,6,2,4,6,6,4,2,2,4,6,7,4,2,4,4,6,4,1,0,1,2,2,4,6,2,4,6,6,4,2,4,4,6,4,1,0,1,1,2,4,6,2,4,6,6],"rewards":[0.32465246735834974,0.6065306597126334,0.8824969025845955,0.32465246735834974,0.6065306597126334,0.8824969025845955,0.8824969025845955,0.6065306597126334,0.32465246735834974,0.6065306597126334,0.6065306597126334,0.8824969025845955,0.6065306597126334,0.1353352832366127,0.04393693362340742,0.1353352832366127,0.1353352832366127,0.32465246735834974,0.6065306597126334,0.8824969025845955,0.32465246735834974,0.6065306597126334,0.8824969025845955,0.8824969025845955,0.6065306597126334,0.32465246735834974,0.32465246735834974,0.6065306597126334,0.8824969025845955,1.0,0.6065306597126334,0.32465246735834974,0.6065306597126334,0.6065306597126334,0.8824969025845955,0.6065306597126334,0.1353352832366127,0.04393693362340742,0.1353352832366127,0.32465246735834974,0.32465246735834974,0.6065306597126334,0.8824969025845955,0.32465246735834974,0.6065306597126334,0.8824969025845955,0.8824969025845955,0.6065306597126334,0.32465246735834974,0.6065306597126334,0.6065306597126334,0.8824969025845955,0.6065306597126334,0.1353352832366127,0.04393693362340742,0.1353352832366127,0.1353352832366127,0.32465246735834974,0.6065306597126334,0.8824969025845955,0.32465246735834974,0.6065306597126334,0.8824969025845955,0.8824969025845955],"action_argmax":[2,2,2,0,2,2,2,0,0,2,2,2,0,0,0,2,2,2,2,2,0,2,2,2,0,0,2,2,2,2,0,0,2,2,2,0,0,0,2,2,2,2,2,0,2,2,2,0,0,2,2,2,0,0,0,2,2,2,2,2,0,2,2,2],"conc_argmax":[6,4,6,7,6,6,7,7,6,6,6,6,7,6,6,6,7,7,6,6,7,6,6,7,7,6,6,4,6,7,6,6,6,6,6,7,6,6,6,7,6,4,6,7,6,6,7,7,6,6,6,6,7,6,6,6,7,7,6,6,7,6,6,7],"wm_bits":[2.840692450624714,1.8982363205802084,1.0216909469503206,6.1413560824107,1.613820417677481,0.9832255193407051,1.8413840444829699,3.150066144070159,5.81703579505459,1.566173966524576,2.37134508273244,0.7969149959456868,3.105814776210937,8.12249270441653,6.995605113098656,4.0898747069553165,3.889116715422672,2.7883793511399975,1.9125837456573906,0.9671957878758624,6.250825456652388,1.6187089649598285,0.9741300397195173,1.8380290227037923,3.150575666366209,5.819243271237412,3.6712242102892785,1.6218162780915264,1.0637095847762421,0.9420041129575475,4.011795257550471,5.525402629728409,1.6526981560258978,2.401553933243512,0.8028887399631316,3.1085551778172396,8.125517128164056,6.999920706070332,4.090980911914326,3.0000921248317063,3.0620835992726727,1.725037835966299,0.9753048977502836,6.15565124669855,1.621658832588711,0.9805712511349044,1.8417290405307511,3.1510426252630834,5.817764345969872,1.5661658634742253,2.371316731341169,0.7969231021879002,3.1057934638910636,8.122491485158433,6.995612413942667,4.089873382861413,3.8891153370852636,2.7883785470075915,1.912583768469436,0.9671958050497912,6.250825433019057,1.618708978171747,0.9741300370924538,1.8380290219385442]},{"env_init":{"drift_rate":0.2,"drift_dir":1,"mu":12,"p":15,"phase":0.0},"tape":[2,10,1,10,0,10,0,10,0,10,0,10,0,10,0,10,0,10,0,10,0,10,1,10,2,10,4,10,6,8,2,10,4,10,6,10,7,8,6,8,2,10,4,10,6,10,7,10,6,8,6,8,4,8,2,10,4,10,6,10,6,8,4,8,2,10,4,10,6,10,6,8,4,8,2,10,4,10,6,10,6,8,4,8,2,10,4,10,6,10,6,8,4,8,2,10,4,10,6,10,6,8,4,8,2,10,4,10,6,10,6,8,4,8,2,10,4,10,6,10,6,8,4,8,2,10,4,10,6],"actions":[2,2,2,2,2,2,2,2,2,2,2,2,2,2,0,2,2,2,0,0,2,2,2,2,0,0,0,2,2,2,0,0,2,2,2,0,0,2,2,2,0,0,2,2,2,0,0,2,2,2,0,0,2,2,2,0,0,2,2,2,0,0,2,2],"conc_tokens":[2,1,0,0,0,0,0,0,0,0,0,1,2,4,6,2,4,6,7,6,2,4,6,7,6,6,4,2,4,6,6,4,2,4,6,6,4,2,4,6,6,4,2,4,6,6,4,2,4,6,6,4,2,4,6,6,4,2,4,6,6,4,2,4,6],"rewards":[0.1353352832366127,0.04393693362340742,0.011108996538242306,0.002187491118182885,0.002187491118182885,0.00033546262790251185,0.002187491118182885,0.011108996538242306,0.04393693362340742,0.04393693362340742,0.1353352832366127,0.32465246735834974,0.6065306597126334,0.8824969025845955,0.32465246735834974,0.6065306597126334,0.8824969025845955,1.0,0.8824969025845955,0.32465246735834974,0.6065306597126334,0.8824969025845955,1.0,0.8824969025845955,0.8824969025845955,0.6065306597126334,0.32465246735834974,0.6065306597126334,0.8824969025845955,0.8824969025845955,0.6065306597126334,0.32465246735834974,0.6065306597126334,0.8824969025845955,0.8824969025845955,0.6065306597126334,0.32465246735834974,0.6065306597126334,0.8824969025845955,0.8824969025845955,0.6065306597126334,0.32465246735834974,0.6065306597126334,0.8824969025845955,0.8824969025845955,0.6065306597126334,0.32465246735834974,0.6065306597126334,0.8824969025845955,0.8824969025845955,0.6065306597126334,0.32465246735834974,0.6065306597126334,0.8824969025845955,0.8824969025845955,0.6065306597126334,0.32465246735834974,0.6065306597126334,0.8824969025845955,0.8824969025845955,0.6065306597126334,0.32465246735834974,0.6065306597126334,0.8824969025845955],"action_argmax":[2,2,2,2,2,2,2,2,2,2,2,2,2,2,0,2,2,2,0,0,2,2,2,2,0,0,0,2,2,2,0,0,2,2,2,0,0,2,2,2,0,0,2,2,2,0,0,2,2,2,0,0,2,2,2,0,0,2,2,2,0,0,2,2],"conc_argmax":[4,6,7,0,0,0,0,0,0,0,0,7,6,6,7,6,6,7,6,7,6,6,7,6,7,7,6,6,6,7,7,6,6,6,7,7,6,6,6,7,7,6,6,6,7,7,6,6,6,7,7,6,6,6,7,7,6,6,6,7,7,6,6,6],"wm_bits":[3.849024039439888,3.5117500670257162,2.267664485354282,1.7857031084752557,1.6548135232409849,1.6281545874876873,1.6256067169910746,1.627057689599833,1.6281474176057176,1.6285161363708969,4.169904802988263,3.306400904845445,1.9754932347571348,0.9876868947298284,6.2204758137447005,1.6132808807077557,0.9772071560018867,0.9637325938304665,0.6028930648439003,6.618639037293374,1.6079420685190993,1.0001901443550436,0.9593521384967857,0.5673824561539045,1.7673458636477253,3.0200530331064095,5.665749834734114,1.5645242244951498,1.017458299858675,1.8662914127782508,3.1708659966692707,5.804618020476919,1.5673976398852076,1.02449514478862,1.866665799182876,3.164815251230503,5.806180068492768,1.5672804364346598,1.024454511249381,1.866588767051386,3.1648244148963554,5.806182105895372,1.5672878849468284,1.0244542223160198,1.8665881941294777,3.164825319985539,5.8061823844766955,1.5672880013971493,1.0244541876502844,1.8665881979390966,3.164825325400256,5.80618238808293,1.5672880004261949,1.024454187907939,1.8665881983118409,3.1648253250895153,5.806182387887308,1.567288000388596,1.024454187923785,1.866588198314561,3.164825325087169,5.806182387884455,1.5672880003887282,1.0244541879238553]},{"env_init":{"drift_rate":0.3,"drift_dir":-1,"mu":1,"p":4,"phase":0.0},"tape":[2,10,1,10,0,10,0,10,0,10,0,10,0,10,1,10,2,10,4,10,6,8,6,8,4,8,2,10,6,10,7,10,6,8,6,8,7,8,6,10,7,10,4,8,6,8,7,8,7,10,6,10,4,10,1,10,0,10,0,10,0,10,0,10,0,10,0,10,2,10,4,10,6,8,6,8,4,8,2,10,4,10,7,10,6,8,7,8,7,8,6,10,7,10,4,8,6,8,7,8,6,10,6,10,4,10,2,10,0,10,0,10,0,10,0,10,0,10,0,10,1,10,4,10,6,8,4,8,4],"actions":[2,2,2,2,2,2,2,2,2,2,0,0,0,2,2,2,0,0,0,2,2,0,0,0,2,2,2,2,2,2,2,2,2,2,2,2,0,0,0,2,2,2,0,0,0,2,2,0,0,0,2,2,2,2,2,2,2,2,2,2,2,2,0,0],"conc_tokens":[2,1,0,0,0,0,0,1,2,4,6,6,4,2,6,7,6,6,7,6,7,4,6,7,7,6,4,1,0,0,0,0,0,0,2,4,6,6,4,2,4,7,6,7,7,6,7,4,6,7,6,6,4,2,0,0,0,0,0,0,1,4,6,4,4],