{"model":"reservoir_plastic","kind":"control","config":{"d_res":64,"leak":0.6,"vocab_size":11,"lr_wm":0.5,"lr_pol":0.03,"reward_decay":0.7,"levels":8},"env":{"width":16,"levels":8,"sigma":2.0,"horizon":64,"vocab_size":11},"episodes":[{"env_init":{"drift_rate":0.3,"drift_dir":1,"mu":8,"p":4,"phase":0.0},"tape":[1,8,0,9,0,9,0,9,0,9,0,9,0,9,0,9,0,9,0,9,0,9,0,9,0,9,0,9,0,9,0,9,0,9,0,9,0,9,0,9,0,9,0,9,0,9,0,9,1,8,2,9,2,9,4,8,6,8,7,8,6,8,2,9,2,9,2,9,1,8,0,9,0,9,0,9,0,9,0,9,0,9,0,9,0,9,0,9,0,9,0,9,0,9,0,9,0,9,0,9,0,9,0,9,0,9,0,9,0,9,0,9,0,9,1,9,1,8,2,9,2,9,4,8,6,10,4,8,7],"actions":[0,1,1,1,1,1,1,1,1,1,1,1,1,1,1,1,1,1,1,1,1,1,1,1,0,1,1,0,0,0,0,1,1,1,0,1,1,1,1,1,1,1,1,1,1,1,1,1,1,1,1,1,1,1,1,1,1,1,0,1,1,0,2,0],"conc_tokens":[1,0,0,0,0,0,0,0,0,0,0,0,0,0,0,0,0,0,0,0,0,0,0,0,1,2,2,4,6,7,6,2,2,2,1,0,0,0,0,0,0,0,0,0,0,0,0,0,0,0,0,0,0,0,0,0,0,1,1,2,2,4,6,4,7],"rewards":[0.04393693362340742,0.04393693362340742,0.04393693362340742,0.011108996538242306,0.011108996538242306,0.011108996538242306,0.002187491118182885,0.002187491118182885,0.002187491118182885,0.002187491118182885,0.00033546262790251185,0.00033546262790251185,0.00033546262790251185,0.002187491118182885,0.002187491118182885,0.002187491118182885,0.011108996538242306,0.011108996538242306,0.011108996538242306,0.011108996538242306,0.04393693362340742,0.04393693362340742,0.04393693362340742,0.1353352832366127,0.32465246735834974,0.32465246735834974,0.6065306597126334,0.8824969025845955,1.0,0.8824969025845955,0.32465246735834974,0.32465246735834974,0.32465246735834974,0.1353352832366127,0.04393693362340742,0.04393693362340742,0.011108996538242306,0.011108996538242306,0.011108996538242306,0.011108996538242306,0.002187491118182885,0.002187491118182885,0.002187491118182885,0.00033546262790251185,0.00033546262790251185,0.00033546262790251185,0.002187491118182885,0.002187491118182885,0.002187491118182885,0.002187491118182885,0.011108996538242306,0.011108996538242306,0.011108996538242306,0.04393693362340742,0.04393693362340742,0.04393693362340742,0.1353352832366127,0.1353352832366127,0.32465246735834974,0.32465246735834974,0.6065306597126334,0.8824969025845955,0.6065306597126334,1.0],"action_argmax":[0,1,1,1,1,1,1,1,1,1,1,1,1,1,1,1,1,1,1,1,1,1,1,1,0,1,1,0,0,0,0,1,1,1,0,1,1,1,1,1,1,1,1,1,1,1,1,1,1,1,1,1,1,1,1,1,1,1,0,1,1,0,2,0],"conc_argmax":[2,0,0,0,0,0,0,0,0,0,0,0,0,0,0,0,0,0,0,0,0,0,0,0,0,1,2,2,6,7,6,4,2,2,2,1,0,0,0,0,0,0,0,0,0,0,0,0,0,0,0,0,0,0,0,0,0,1,0,1,2,2,2,6],"wm_bits":[2.9584086906568356,1.0335858174033175,0.11102443841811363,0.07256367098751873,0.051336867619810746,0.039808801764214946,0.03248463903770716,0.027247352591029502,0.023322971819991045,0.020324385637921202,0.017989024447806926,0.016130330628159672,0.014619730208353022,0.013369322549482216,0.012317880428679415,0.01142161154199609,0.01064847398489404,0.009974589819910914,0.009381865908859956,0.008856367048007767,0.008387190987848155,0.007965684302856489,0.007584888831199252,10.46431225766347,9.768099787727063,3.848474813611389,10.609173291475779,8.132038268492073,9.244713036545198,12.873031010497026,6.4760800135440375,5.880390471488442,0.05506969553110813,6.871013791067982,13.927021219190584,7.717622366803601,0.03814579917669603,0.06598376167928711,0.055695828691016136,0.04212315393852542,0.03304854564797662,0.026922820092855498,0.02258266505439161,0.019395311660593988,0.016983894924768112,0.015108416610106515,0.013612529570489609,0.012392817461709404,0.011379355512730947,0.010523614676941831,0.009791052194167172,0.00915651055939175,0.008601277175967452,0.008111156250306773,0.007675180803935684,0.0072847382817018925,8.935473370760134,0.11005865246821693,7.0128519462088095,4.308355150831698,5.65625572696615,6.808200503106522,8.488289673056528,7.784827087136143]},{"env_init":{"drift_rate":0.2,"drift_dir":1,"mu":12,"p":15,"phase":0.0},"tape":[2,9,2,9,2,9,2,9,2,9,4,8,6,10,4,8,6,8,7,8,4,8,2,9,2,9,2,9,2,9,1,8,0,9,0,9,0,9,0,9,0,9,0,9,0,9,0,9,0,9,0,9,0,9,0,9,0,9,0,9,0,9,0,9,0,9,0,9,0,9,0,9,0,9,0,9,0,9,0,9,0,9,0,9,0,9,0,9,0,9,0,9,0,9,0,9,0,9,0,9,1,9,1,10,0,9,0,9,0,9,1,9,1,9,1,8,2,9,2,9,4,8,6,8,7,9,7,9,7],"actions":[1,1,1,1,1,0,2,0,0,0,0,1,1,1,1,0,1,1,1,1,1,1,1,1,1,1,1,1,1,1,1,1,1,1,1,1,1,1,1,1,1,1,1,1,1,1,1,1,1,1,1,2,1,1,1,1,1,0,1,1,0,0,1,1],"conc_tokens":[2,2,2,2,2,4,6,4,6,7,4,2,2,2,2,1,0,0,0,0,0,0,0,0,0,0,0,0,0,0,0,0,0,0,0,0,0,0,0,0,0,0,0,0,0,0,0,0,0,0,1,1,0,0,0,1,1,1,2,2,4,6,7,7,7],"rewards":[0.32465246735834974,0.32465246735834974,0.32465246735834974,0.32465246735834974,0.6065306597126334,0.8824969025845955,0.6065306597126334,0.8824969025845955,1.0,0.6065306597126334,0.32465246735834974,0.32465246735834974,0.32465246735834974,0.32465246735834974,0.1353352832366127,0.04393693362340742,0.04393693362340742,0.04393693362340742,0.04393693362340742,0.011108996538242306,0.011108996538242306,0.011108996538242306,0.011108996538242306,0.011108996538242306,0.002187491118182885,0.002187491118182885,0.002187491118182885,0.002187491118182885,0.002187491118182885,0.00033546262790251185,0.00033546262790251185,0.00033546262790251185,0.00033546262790251185,0.00033546262790251185,0.002187491118182885,0.002187491118182885,0.002187491118182885,0.002187491118182885,0.002187491118182885,0.011108996538242306,0.011108996538242306,0.011108996538242306,0.011108996538242306,0.011108996538242306,0.04393693362340742,0.04393693362340742,0.04393693362340742,0.04393693362340742,0.04393693362340742,0.1353352832366127,0.1353352832366127,0.04393693362340742,0.04393693362340742,0.04393693362340742,0.1353352832366127,0.1353352832366127,0.1353352832366127,0.32465246735834974,0.32465246735834974,0.6065306597126334,0.8824969025845955,1.0,1.0,1.0],"action_argmax":[1,1,1,1,1,0,2,0,0,0,0,1,1,1,1,0,1,1,1,1,1,1,1,1,1,1,1,1,1,1,1,1,1,1,1,1,1,1,1,1,1,1,1,1,1,1,1,1,1,1,1,2,1,1,1,1,1,0,1,1,0,0,1,1],"conc_argmax":[0,2,2,2,2,4,6,6,6,7,4,4,2,2,2,2,1,0,0,0,0,0,0,0,0,0,0,0,0,0,0,0,0,0,0,0,0,0,0,0,0,0,0,0,0,0,0,0,0,0,1,0,1,0,0,1,1,0,1,2,2,6,4,7],"wm_bits":[3.0638202370222603,0.04798826737795523,0.034160552304664506,0.02777077829164529,8.789351925698504,4.230331904297671,8.32647143336781,1.161787214903555,9.077583934191802,10.909600504957265,11.147459161040224,3.2796054382579714,0.04903379546546841,0.08334361164321379,8.321048152247775,8.343102808606465,3.118398120041074,0.0037366863897802163,0.004497544607388572,0.004978945408579736,0.005228045579777148,0.00530578134852163,0.005257277073970779,0.005135043670506091,0.004980922881331025,0.004818582643262275,0.004658861963897396,0.004506121200003488,0.004361832703139196,0.004226180771324752,0.004098778974369696,0.003979026894225133,0.003866286791003424,0.0037599579545378797,0.0036594984815782154,0.0035644254428144908,0.0034743086713143333,0.003388763833406289,0.0033074462707044405,0.0032300457874004035,0.0031562822727564917,0.0030859020187378795,0.0030186746048961087,0.0029543902421801903,0.0028928574891950447,0.002833901274339944,0.0027773611728913908,0.0027230898993333137,0.0026709519832087357,12.005658784224472,0.1259748366766765,0.6210502480116181,4.149589330884513,0.02940720389496106,4.96000153289704,0.03192164583101865,0.3215921430824867,15.167417658582318,9.722588147179414,8.167085946149031,7.647853800064658,6.429738411457297,5.279303204321388,0.09839587403422397]},{"env_init":{"drift_rate":0.3,"drift_dir":-1,"mu":1,"p":4,"phase":0.0},"tape":[2,9,2,9,2,9,2,9,1,8,2,9,2,9,1,8,2,9,2,9,2,9,1,8,2,8,4,8,4,8,6,8,7,8,7,8,6,8,4,8,2,8,2,8,1,8,0,9,1,8,0,9,0,9,1,8,0,9,0,9,0,9,1,9,1,8,0,9,1,9,1,10,2,9,4,8,2,9,2,9,2,9,4,8,2,9,2,9,4,9,4,8,2,9,4,9,4,9,4,10,6,10,6,10,4,10,2,9,1,9,1,10,0,9,0,9,0,9,0,9,0,9,0,9,0,9,0,9,0],"actions":[1,1,1,1,0,1,1,0,1,1,1,0,0,0,0,0,0,0,0,0,0,0,0,1,0,1,1,0,1,1,1,1,0,1,1,2,1,0,1,1,1,0,1,1,1,0,1,1,1,2,2,2,2,1,1,2,1,1,1,1,1,1,1,1],"conc_tokens":[2,2,2,2,1,2,2,1,2,2,2,1,2,4,4,6,7,7,6,4,2,2,1,0,1,0,0,1,0,0,0,1,1,0,1,1,2,4,2,2,2,4,2,2,4,4,2,4,4,4,6,6,4,2,1,1,0,0,0,0,0,0,0,0,0],